date,close
2025-01-01,99.8759
2025-01-02,99.7232
2025-01-03,99.6321
2025-01-04,100.3515
2025-01-05,100.2435
2025-01-06,98.7625
2025-01-07,99.1105
2025-01-08,98.8654
2025-01-09,98.6706
2025-01-10,98.8047
2025-01-11,99.054
2025-01-12,100.2264
2025-01-13,100.9045
2025-01-14,101.0362
2025-01-15,100.3105
2025-01-16,99.3127
2025-01-17,99.5772
2025-01-18,100.9027
2025-01-19,100.9649
2025-01-20,100.8777
2025-01-21,101.4343
2025-01-22,99.9802
2025-01-23,99.688
2025-01-24,100.1968
2025-01-25,101.092
2025-01-26,100.8689
2025-01-27,101.269
2025-01-28,101.5406
2025-01-29,102.3553
2025-01-30,101.2363
2025-01-31,101.8318
2025-02-01,100.3099
2025-02-02,97.7019
2025-02-03,97.1285
2025-02-04,96.2584
2025-02-05,97.1209
2025-02-06,97.7855
2025-02-07,96.613
2025-02-08,97.4509
2025-02-09,96.4938
2025-02-10,96.4299
2025-02-11,96.1657
2025-02-12,96.295
2025-02-13,97.1026
2025-02-14,97.7419
2025-02-15,98.1034
2025-02-16,98.7607
2025-02-17,99.253
2025-02-18,98.6505
2025-02-19,97.9626
2025-02-20,97.5218
2025-02-21,98.0282
2025-02-22,97.8027
2025-02-23,100.1066
2025-02-24,99.3065
2025-02-25,98.2351
2025-02-26,99.0097
2025-02-27,100.4372
2025-02-28,100.9652
2025-03-01,101.8293
2025-03-02,103.3021
2025-03-03,103.2256
2025-03-04,101.7774
2025-03-05,101.2562
2025-03-06,102.2414
2025-03-07,100.7858
2025-03-08,100.8397
2025-03-09,101.1153
2025-03-10,100.8164
2025-03-11,101.5661
2025-03-12,102.1763
2025-03-13,104.5686
2025-03-14,105.2378
2025-03-15,104.6176
2025-03-16,104.0507
2025-03-17,103.2063
2025-03-18,104.2097
2025-03-19,103.6399
2025-03-20,103.5878
2025-03-21,104.3847
2025-03-22,103.6504
2025-03-23,103.3667
2025-03-24,101.4841
2025-03-25,100.4059
2025-03-26,99.8559
2025-03-27,100.2911
2025-03-28,101.5081
2025-03-29,101.5096
2025-03-30,101.7952
2025-03-31,101.9866
2025-04-01,103.1133
2025-04-02,104.0551
2025-04-03,104.3607
2025-04-04,103.3265
2025-04-05,104.2806
2025-04-06,104.6988
2025-04-07,106.0044
2025-04-08,105.9939
2025-04-09,108.0852
2025-04-10,107.719
2025-04-11,109.4565
2025-04-12,109.6044
2025-04-13,109.0605
2025-04-14,107.8516
2025-04-15,107.7103
2025-04-16,109.2649
2025-04-17,110.1788
2025-04-18,110.9598
2025-04-19,108.3457
2025-04-20,109.1377
2025-04-21,109.7662
2025-04-22,109.1845
2025-04-23,108.5213
2025-04-24,108.5405
2025-04-25,110.4344
2025-04-26,109.2913
2025-04-27,108.8456
2025-04-28,110.3496
2025-04-29,109.8794
2025-04-30,109.5011
2025-05-01,109.6301
2025-05-02,108.2912
2025-05-03,108.551
2025-05-04,107.2597
2025-05-05,108.2306
2025-05-06,108.2557
2025-05-07,110.7493
2025-05-08,111.0824
2025-05-09,112.6217
2025-05-10,111.1765
2025-05-11,111.0629
2025-05-12,111.444
2025-05-13,113.4118
2025-05-14,111.5281
2025-05-15,112.6553
2025-05-16,113.344
2025-05-17,115.1048
2025-05-18,115.9479
2025-05-19,116.0314
2025-05-20,115.4493
2025-05-21,114.0314
2025-05-22,114.2771
2025-05-23,114.0809
2025-05-24,116.4084
2025-05-25,115.7204
2025-05-26,116.1143
2025-05-27,114.3157
2025-05-28,113.8865
2025-05-29,114.2067
2025-05-30,115.1705
2025-05-31,116.8614
2025-06-01,116.8331
2025-06-02,115.5512
2025-06-03,116.1034
2025-06-04,116.7268
2025-06-05,117.3241
2025-06-06,116.5259
2025-06-07,117.8699
2025-06-08,117.9971
2025-06-09,118.8465
2025-06-10,120.3844
2025-06-11,121.142
2025-06-12,121.5133
2025-06-13,124.1535
2025-06-14,124.4809
2025-06-15,124.1374
2025-06-16,124.3012
2025-06-17,126.1692
2025-06-18,126.3442
2025-06-19,127.0257
2025-06-20,128.5699
2025-06-21,127.9363
2025-06-22,125.753
2025-06-23,126.1546
2025-06-24,126.4697
2025-06-25,125.726
2025-06-26,126.8464
2025-06-27,127.6424
2025-06-28,126.3979
2025-06-29,127.0782
2025-06-30,126.8544
2025-07-01,124.9985
2025-07-02,125.5897
2025-07-03,125.558
2025-07-04,124.6474
2025-07-05,125.3241
2025-07-06,125.9609
2025-07-07,125.2586
2025-07-08,125.7851
2025-07-09,127.0871
2025-07-10,126.2068
2025-07-11,126.7128
2025-07-12,126.7416
2025-07-13,129.6389
2025-07-14,127.2506
2025-07-15,128.1608
2025-07-16,127.7939
2025-07-17,127.6914
2025-07-18,130.1451
2025-07-19,130.16
2025-07-20,133.1029
2025-07-21,132.541
2025-07-22,133.0321
2025-07-23,132.4057
2025-07-24,131.5176
2025-07-25,131.6261
2025-07-26,131.2805
2025-07-27,131.5726
2025-07-28,128.8293
2025-07-29,131.4348
2025-07-30,131.2416
2025-07-31,133.5553
2025-08-01,132.2369
2025-08-02,132.6502
2025-08-03,136.875
2025-08-04,135.712
2025-08-05,133.7098
2025-08-06,133.0058
2025-08-07,133.6609
2025-08-08,134.6143
2025-08-09,136.3783
2025-08-10,136.055
2025-08-11,133.9023
2025-08-12,133.3466
2025-08-13,135.027
2025-08-14,135.6828
2025-08-15,133.0547
2025-08-16,133.0347
2025-08-17,134.9213
2025-08-18,137.8175
2025-08-19,138.6192
2025-08-20,139.0756
2025-08-21,137.3786
2025-08-22,136.2477
2025-08-23,136.3388
2025-08-24,137.0522
2025-08-25,137.8747
2025-08-26,137.243
2025-08-27,135.6895
2025-08-28,134.6612
